{
  "variants": {
    "facing=east,half=bottom,shape=straight": {
      "model": "cavecraft_cave_update:block/heatstone_stair"
    },
    "facing=west,half=bottom,shape=straight": {
      "model": "cavecraft_cave_update:block/heatstone_stair",
      "y": 180,
      "uvlock": true
    },
    "facing=south,half=bottom,shape=straight": {
      "model": "cavecraft_cave_update:block/heatstone_stair",
      "y": 90,
      "uvlock": true
    },
    "facing=north,half=bottom,shape=straight": {
      "model": "cavecraft_cave_update:block/heatstone_stair",
      "y": 270,
      "uvlock": true
    },
    "facing=east,half=bottom,shape=inner_right": {
      "model": "cavecraft_cave_update:block/heatstone_stair_inner"
    },
    "facing=west,half=bottom,shape=inner_right": {
      "model": "cavecraft_cave_update:block/heatstone_stair_inner",
      "y": 180,
      "uvlock": true
    },
    "facing=south,half=bottom,shape=inner_right": {
      "model": "cavecraft_cave_update:block/heatstone_stair_inner",
      "y": 90,
      "uvlock": true
    },
    "facing=north,half=bottom,shape=inner_right": {
      "model": "cavecraft_cave_update:block/heatstone_stair_inner",
      "y": 270,
      "uvlock": true
    },
    "facing=east,half=bottom,shape=inner_left": {
      "model": "cavecraft_cave_update:block/heatstone_stair_inner",
      "y": 270,
      "uvlock": true
    },
    "facing=west,half=bottom,shape=inner_left": {
      "model": "cavecraft_cave_update:block/heatstone_stair_inner",
      "y": 90,
      "uvlock": true
    },
    "facing=south,half=bottom,shape=inner_left": {
      "model": "cavecraft_cave_update:block/heatstone_stair_inner"
    },
    "facing=north,half=bottom,shape=inner_left": {
      "model": "cavecraft_cave_update:block/heatstone_stair_inner",
      "y": 180,
      "uvlock": true
    },
    "facing=east,half=top,shape=straight": {
      "model": "cavecraft_cave_update:block/heatstone_stair",
      "x": 180,
      "uvlock": true
    },
    "facing=west,half=top,shape=straight": {
      "model": "cavecraft_cave_update:block/heatstone_stair",
      "x": 180,
      "y": 180,
      "uvlock": true
    },
    "facing=south,half=top,shape=straight": {
      "model": "cavecraft_cave_update:block/heatstone_stair",
      "x": 180,
      "y": 90,
      "uvlock": true
    },
    "facing=north,half=top,shape=straight": {
      "model": "cavecraft_cave_update:block/heatstone_stair",
      "x": 180,
      "y": 270,
      "uvlock": true
    },
    "facing=east,half=top,shape=outer_right": {
      "model": "cavecraft_cave_update:block/heatstone_stair_outer",
      "x": 180,
      "y": 90,
      "uvlock": true
    },
    "facing=west,half=top,shape=outer_right": {
      "model": "cavecraft_cave_update:block/heatstone_stair_outer",
      "x": 180,
      "y": 270,
      "uvlock": true
    },
    "facing=south,half=top,shape=outer_right": {
      "model": "cavecraft_cave_update:block/heatstone_stair_outer",
      "x": 180,
      "y": 180,
      "uvlock": true
    },
    "facing=north,half=top,shape=outer_right": {
      "model": "cavecraft_cave_update:block/heatstone_stair_outer",
      "x": 180,
      "uvlock": true
    },
    "facing=east,half=top,shape=outer_left": {
      "model": "cavecraft_cave_update:block/heatstone_stair_outer",
      "x": 180,
      "uvlock": true
    },
    "facing=west,half=top,shape=outer_left": {
      "model": "cavecraft_cave_update:block/heatstone_stair_outer",
      "x": 180,
      "y": 180,
      "uvlock": true
    },
    "facing=south,half=top,shape=outer_left": {
      "model": "cavecraft_cave_update:block/heatstone_stair_outer",
      "x": 180,
      "y": 90,
      "uvlock": true
    },
    "facing=north,half=top,shape=outer_left": {
      "model": "cavecraft_cave_update:block/heatstone_stair_outer",
      "x": 180,
      "y": 270,
      "uvlock": true
    },
    "facing=east,half=top,shape=inner_right": {
      "model": "cavecraft_cave_update:block/heatstone_stair_inner",
      "x": 180,
      "y": 90,
      "uvlock": true
    },
    "facing=west,half=top,shape=inner_right": {
      "model": "cavecraft_cave_update:block/heatstone_stair_inner",
      "x": 180,
      "y": 270,
      "uvlock": true
    },
    "facing=south,half=top,shape=inner_right": {
      "model": "cavecraft_cave_update:block/heatstone_stair_inner",
      "x": 180,
      "y": 180,
      "uvlock": true
    },
    "facing=north,half=top,shape=inner_right": {
      "model": "cavecraft_cave_update:block/heatstone_stair_inner",
      "x": 180,
      "uvlock": true
    },
    "facing=east,half=top,shape=inner_left": {
      "model": "cavecraft_cave_update:block/heatstone_stair_inner",
      "x": 180,
      "uvlock": true
    },
    "facing=west,half=top,shape=inner_left": {
      "model": "cavecraft_cave_update:block/heatstone_stair_inner",
      "x": 180,
      "y": 180,
      "uvlock": true
    },
    "facing=south,half=top,shape=inner_left": {
      "model": "cavecraft_cave_update:block/heatstone_stair_inner",
      "x": 180,
      "y": 90,
      "uvlock": true
    },
    "facing=north,half=top,shape=inner_left": {
      "model": "cavecraft_cave_update:block/heatstone_stair_inner",
      "x": 180,
      "y": 270,
      "uvlock": true
    },
    "facing=east,half=bottom,shape=outer_right": {
      "model": "cavecraft_cave_update:block/heatstone_stair_outer"
    },
    "facing=west,half=bottom,shape=outer_right": {
      "model": "cavecraft_cave_update:block/heatstone_stair_outer",
      "y": 180,
      "uvlock": true
    },
    "facing=south,half=bottom,shape=outer_right": {
      "model": "cavecraft_cave_update:block/heatstone_stair_outer",
      "y": 90,
      "uvlock": true
    },
    "facing=north,half=bottom,shape=outer_right": {
      "model": "cavecraft_cave_update:block/heatstone_stair_outer",
      "y": 270,
      "uvlock": true
    },
    "facing=east,half=bottom,shape=outer_left": {
      "model": "cavecraft_cave_update:block/heatstone_stair_outer",
      "y": 270,
      "uvlock": true
    },
    "facing=west,half=bottom,shape=outer_left": {
      "model": "cavecraft_cave_update:block/heatstone_stair_outer",
      "y": 90,
      "uvlock": true
    },
    "facing=south,half=bottom,shape=outer_left": {
      "model": "cavecraft_cave_update:block/heatstone_stair_outer"
    },
    "facing=north,half=bottom,shape=outer_left": {
      "model": "cavecraft_cave_update:block/heatstone_stair_outer",
      "y": 180,
      "uvlock": true
    }
  }
}