{
  "multipart": [
    {
      "when": {
        "up": "true"
      },
      "apply": {
        "model": "cavecraft_cave_update:block/marble_andesite_wall_post"
      }
    },
    {
      "when": {
        "north": "true"
      },
      "apply": {
        "model": "cavecraft_cave_update:block/marble_andesite_wall",
        "uvlock": true
      }
    },
    {
      "when": {
        "south": "true"
      },
      "apply": {
        "model": "cavecraft_cave_update:block/marble_andesite_wall",
        "y": 180,
        "uvlock": true
      }
    },
    {
      "when": {
        "west": "true"
      },
      "apply": {
        "model": "cavecraft_cave_update:block/marble_andesite_wall",
        "y": 270,
        "uvlock": true
      }
    },
    {
      "when": {
        "east": "true"
      },
      "apply": {
        "model": "cavecraft_cave_update:block/marble_andesite_wall",
        "y": 90,
        "uvlock": true
      }
    }
  ]
}