{
	"textures": {
		"0": "block/glowshroom",
		"particle": "block/glowshroom"
	},
	"elements": [
		{
			"from": [6, 2, 6],
			"to": [10, 5, 10],
			"rotation": {"angle": 0, "axis": "y", "origin": [7, 3, 7]},
			"faces": {
				"north": {"uv": [4, 4, 8, 7], "texture": "#0"},
				"east": {"uv": [4, 0, 8, 3], "texture": "#0"},
				"south": {"uv": [4, 7, 8, 10], "texture": "#0"},
				"west": {"uv": [0, 8, 4, 11], "texture": "#0"},
				"up": {"uv": [4, 4, 0, 0], "texture": "#0"},
				"down": {"uv": [4, 4, 0, 8], "texture": "#0"}
			}
		},
		{
			"from": [7, 0, 7],
			"to": [9, 2, 9],
			"rotation": {"angle": 0, "axis": "y", "origin": [8, 1, 8]},
			"faces": {
				"north": {"uv": [8, 8, 10, 10], "texture": "#0"},
				"east": {"uv": [8, 0, 10, 2], "texture": "#0"},
				"south": {"uv": [8, 2, 10, 4], "texture": "#0"},
				"west": {"uv": [8, 4, 10, 6], "texture": "#0"},
				"up": {"uv": [10, 8, 8, 6], "texture": "#0"},
				"down": {"uv": [6, 10, 4, 12], "texture": "#0"}
			}
		}
	],
	"display": {
		"thirdperson_righthand": {
			"translation": [0, 8, 1.25]
		},
		"thirdperson_lefthand": {
			"translation": [0, 8, 1.5]
		},
		"firstperson_righthand": {
			"translation": [0, 7.75, 0]
		},
		"firstperson_lefthand": {
			"translation": [0, 8.5, 0]
		},
		"gui": {
			"translation": [0, 11.25, 0],
			"scale": [2.69336, 2.10156, 1]
		},
		"fixed": {
			"translation": [0, 12.25, 0],
			"scale": [3.01172, 2.44336, 1]
		}
	}
}