{
  "_fv": 10,
  "_type": "gui",
  "definition": {
    "type": 1,
    "width": 352,
    "height": 332,
    "renderBgLayer": true,
    "doesPauseGame": false,
    "components": [
      {
        "type": "button",
        "data": {
          "text": "Next",
          "onClick": {
            "name": "NextPage"
          },
          "width": 80,
          "height": 40,
          "name": "Next",
          "x": 517,
          "y": 195
        }
      },
      {
        "type": "button",
        "data": {
          "text": "First",
          "onClick": {
            "name": "FirstPage"
          },
          "width": 100,
          "height": 40,
          "name": "First",
          "x": 252,
          "y": 197
        }
      },
      {
        "type": "label",
        "data": {
          "text": "=",
          "color": {
            "value": -13421773,
            "falpha": 0.0
          },
          "name": "=",
          "x": 401,
          "y": 140
        }
      },
      {
        "type": "inputslot",
        "data": {
          "inputLimit": {
            "value": ""
          },
          "id": 0,
          "disableStackInteraction": false,
          "dropItemsWhenNotBound": true,
          "name": "Slot #0",
          "x": 354,
          "y": 138
        }
      },
      {
        "type": "outputslot",
        "data": {
          "id": 1,
          "disableStackInteraction": false,
          "dropItemsWhenNotBound": true,
          "onTakenFromSlot": {
            "name": "TradeItemSlot"
          },
          "onStackTransfer": {
            "name": "TradeItemSlot"
          },
          "name": "Slot #1",
          "x": 426,
          "y": 138
        }
      },
      {
        "type": "label",
        "data": {
          "text": "Trades",
          "color": {
            "value": -13421773,
            "falpha": 0.0
          },
          "name": "Trades",
          "x": 372,
          "y": 81
        }
      }
    ]
  }
}